Plant_Name,Redistributed_Forecast
E1,44.83212639894666
E2,30.80974325213956
E3,8.393680052666229
E4,87.09677419354838
E5,97.16919025674785
E6,235.5167873601053
E7,65.96445029624753
E8,113.9565503620803
E9,73.07439104674127
E10,154.83870967741936
E11,165.79986833443056
E12,256.2541145490454
E13,78.80184331797234
E14,20.638578011849894
E15,353.9170506912442
E16,68.92692560895324
E17,23.10730743910467
E18,5.52995391705069
E19,142.69256089532587
E20,131.13890717577354
E21,48.09084924292298
E22,9.578670177748517
E23,56.879526003949955
E24,126.9914417379855
N1,156.28864704427406
N2,138.1090774177591
N3,174.3754637645313
N4,25.785307939648778
N5,52.776403660648036
N6,94.23695275785309
N7,211.47662626762306
N8,6.956467969329706
N9,162.31758595102647
N10,205.35493445461296
N11,35.060598565421714
N12,27.269354439772446
N13,152.6712837002226
N14,190.51446945337622
N15,72.71827850605986
N16,59.64011872372001
N17,47.67499381647292
N18,82.17907494434827
N19,41.275043284689595
N20,119.28023744744002
N21,125.58743507296563
N22,206.46796932970565
N23,279.65001236705416
N24,5.4724214692060364
N25,26.341825377195153
N26,300.5194162750433
W1,385.05647263249335
W2,134.83927019982625
W3,150.47784535186798
W4,164.72632493483934
W5,172.0243266724587
W6,82.71068635968723
W7,19.808861859252822
W8,16.333622936576898
W9,60.8166811468289
W10,61.33796698523028
W11,76.97654213727193
W12,207.2980017376194
W13,63.77063423110344
W14,120.24326672458741
W15,83.57949609035626
S1,92.68592933893743
S2,106.27648910539365
S3,175.24224891405657
S4,57.23229516557338
S5,15.869721963315335
S6,287.4276770483442
S7,58.9205634595431
S8,20.765700015827512
S9,5.233631711306121
S10,140.29509522888344
S11,134.55498302938642
S12,51.40776955137786
S13,10.636090252009213
S14,65.67363663542197
S15,151.9441464572745
S16,206.22197210840088
S17,188.5795684364173
S18,245.98069043138767
S19,37.56396954082619
S20,79.2641964018782
S21,145.781967184285
S22,336.80952464695844
S23,11.395810984295586
S24,273.3306367936971
S25,355.12723563652986
S26,62.212686632784056
S27,49.635087842709666
S28,284.81086119269116
S29,364.07505759456933
S30,142.3210171816471
S31,122.73710497159837
S32,102.14023178516784
S33,153.29476109245024
S34,21.441007333415396
S35,243.11063433163918
